Index,Score,Friction_Coefficient,Fuel_Economy,RUL_Final,Viscosity_40C,VFT_A,VFT_B,VFT_C
357,0.7657079,0.16910742,73616.63,0.0,17417.873,3.0057325,600.4783,-48.834457
139,0.5878242,0.19309126,79376.1,0.0,3138.617,2.3144464,591.80963,-63.154995
273,0.58415717,0.1908479,75426.99,0.0,3740.9707,2.377696,592.8368,-61.349953
3,0.58369666,0.19116834,75825.76,0.0,3669.5793,2.3790908,592.6549,-61.678032
